Sample,Type,Description,Reference,Source,SiO2 ,Al2O3 ,TiO2 ,FeO,Fe2O3 ,FeOT,CaO ,MgO,MnO ,Na2O,K2O,P2O5,LOI,Sum,Cu,V,Cr,Co,Ni,Zn,Rb,Sr,Y,Zr,Nb,Ba,Pb,Sc,Ga,Cs,Hf,Ta,Th,U,La,Ce,Pr,Nd,Sm,Eu,Gd,Tb,Dy,Ho,Er,Tm,Yb,Lu
HOR-06-01,Lava,Conos perifericos. ,"Ruprecht, 2012",Hornitos,53.55,17.42,0.81,NaN,NaN,7.48,9.46,5.55,0.14,3.3,0.98,0.17,NaN,98.9,98,241,109,NaN,32,73,21,668,15,69,2,251,7,31,18,NaN,NaN,NaN,2,NaN,8,22,NaN,12,NaN,NaN,NaN,NaN,NaN,NaN,NaN,NaN,NaN,NaN
CLHE1,Lava,Conos perifericos. ,"Ruprecht, 2012",Hornitos,54.35,17.76,0.83,NaN,NaN,7.56,9.7,5.49,0.14,3.38,1,0.17,NaN,100.4,101,246,105,NaN,26,76,22,680,14,74,2,256,10,30,19,NaN,NaN,NaN,2,NaN,9,21,NaN,13,NaN,NaN,NaN,NaN,NaN,NaN,NaN,NaN,NaN,NaN
CLHE2,Lava,Conos perifericos. ,"Ruprecht, 2012",Hornitos,54.08,17.02,0.79,NaN,NaN,7.67,9.45,6.92,0.14,3.3,0.99,0.17,NaN,100.5,98,231,199,NaN,60,76,23,663,13,74,3,258,11,29,18,NaN,NaN,NaN,3,NaN,10,24,NaN,11,NaN,NaN,NaN,NaN,NaN,NaN,NaN,NaN,NaN,NaN
CLHE-TF-04,Lava,Conos perifericos. ,"Ruprecht, 2012",Hornitos,51.51,13.99,0.64,NaN,NaN,8.13,9.26,13.66,0.15,2.38,0.65,0.12,NaN,100.5,84,210,1209,NaN,347,70,14,468,13,57,0,161,5,31,15,NaN,NaN,NaN,1,NaN,10,14,NaN,9,NaN,NaN,NaN,NaN,NaN,NaN,NaN,NaN,NaN,NaN
CLHW1,Lava,Conos perifericos. ,"Ruprecht, 2012",Hornitos,53.73,17.91,0.88,NaN,NaN,7.51,9.58,6.06,0.14,3.38,0.98,0.18,NaN,100.4,63,228,122,NaN,31,76,21,743,14,79,2,280,5,28,20,NaN,NaN,NaN,3,NaN,7,25,NaN,15,NaN,NaN,NaN,NaN,NaN,NaN,NaN,NaN,NaN,NaN
CLHW4,Lava,Conos perifericos. ,"Ruprecht, 2012",Hornitos,54.17,17.66,0.83,NaN,NaN,7.39,9.47,5.34,0.13,3.46,1.07,0.18,NaN,99.7,99,234,139,NaN,48,78,24,704,15,82,4,276,12,28,20,NaN,NaN,NaN,3,NaN,9,26,NaN,15,NaN,NaN,NaN,NaN,NaN,NaN,NaN,NaN,NaN,NaN
MP-17-01,Lava,Lava Manantial Pelado,"Winslow,2018",Manantial Pelado,52.49,17.78,0.7,NaN,NaN,7.51,9.41,6.93,0.14,2.92,0.94,0.15,NaN,98.97,82,201,169,NaN,70,64,20,702,14,64,2,243,9,28,18,1.07,1.84,0.14,3,0.95,9,23,3.08,13.18,3.09,0.98,2.82,0.44,NaN,NaN,1.53,0.22,1.4,0.22
MP-17-02,Lava,Lava Manantial Pelado,"Winslow,2018",Manantial Pelado,53.44,19.09,0.79,NaN,NaN,7.3,9.27,5.2,0.14,3.26,0.91,0.16,NaN,99.56,96,237,70,NaN,31,73,18,720,17,64,2,252,12,29,19,0.37,1.86,0.13,4,0.82,10,24,3.15,13.7,3.28,1.07,3.05,0.5,NaN,NaN,1.84,0.27,1.75,0.28
MP-17-03,Lava,Lava Manantial Pelado,"Winslow,2018",Manantial Pelado,53.24,17.46,0.69,NaN,NaN,7.43,9.05,7.03,0.13,3.02,1.02,0.15,NaN,99.22,61,200,203,NaN,78,65,24,682,14,66,2,254,8,26,18,0.67,1.86,0.15,4,1.07,13,23,3.13,13.36,3.13,0.97,2.85,0.45,NaN,NaN,1.52,0.23,1.41,0.22
MP-17-04,Lava,Lava Manantial Pelado,"Winslow,2018",Manantial Pelado,52.62,17.81,0.69,NaN,NaN,7.48,9.43,7.37,0.14,2.94,0.9,0.14,NaN,99.52,89,198,221,NaN,85,67,17,699,14,63,2,259,9,26,19,0.89,1.82,0.14,3,0.93,15,21,3.01,13.05,3.08,0.96,2.79,0.44,NaN,NaN,1.52,0.22,1.39,0.22
MP-17-05,Lava,Lava Manantial Pelado,"Winslow,2018",Manantial Pelado,52.96,19.08,0.79,NaN,NaN,7.34,9.5,5.24,0.14,3.23,0.9,0.16,NaN,99.34,92,234,73,NaN,33,69,17,736,17,65,2,252,9,28,20,0.97,1.9,0.13,3,0.81,11,26,3.23,14.01,3.4,1.08,3.16,0.51,NaN,NaN,1.89,0.28,1.77,0.29
MP-17-08,Lava,Lava Manantial Pelado,"Winslow,2018",Manantial Pelado,60.73,16.06,1.34,NaN,NaN,6.73,4.48,1.99,0.14,5.03,2.46,0.53,NaN,99.49,15,97,0,NaN,2,94,71,400,31,205,7,540,15,17,20,3.56,5.68,0.52,9,2.2,25,60,7.71,32.33,7.48,1.91,6.8,1.06,NaN,NaN,3.26,0.46,2.92,0.45
MP-17-09,Lava,Lava Manantial Pelado,"Winslow,2018",Manantial Pelado,52.32,18.64,0.93,NaN,NaN,8.25,9.04,5.82,0.14,3.48,0.84,0.17,NaN,99.63,94,220,99,NaN,60,75,14,644,18,75,1,286,7,26,21,0.62,2.18,0.17,4,0.71,12,25,3.18,13.98,3.48,1.16,3.39,0.54,NaN,NaN,1.84,0.27,1.64,0.26
MP-17-15,Lava,Lava Manantial Pelado,"Winslow,2018",Manantial Pelado,60.4,16.14,1.36,NaN,NaN,6.95,4.63,2.1,0.15,4.83,2.41,0.56,NaN,99.53,17,103,0,NaN,2,98,70,407,32,203,7,531,15,19,20,3.48,5.6,0.51,9,2.15,24,60,7.69,32.6,7.51,1.93,6.91,1.08,NaN,NaN,3.33,0.47,2.92,0.45
MP-17-22bh,Lava,Lava Manantial Pelado,"Winslow,2018",Manantial Pelado,61.65,16.01,1.3,NaN,NaN,6.4,4.03,1.75,0.14,5.11,2.61,0.5,NaN,99.5,12,65,3,NaN,4,97,76,387,36,217,8,578,15,17,20,2.86,6.05,0.55,9,2.32,27,61,8.23,34.74,7.86,2,7.23,1.12,NaN,NaN,3.53,0.5,3.13,0.5
MP-17-22be,Lava,Lava Manantial Pelado,"Winslow,2018",Manantial Pelado,53.86,17.35,0.76,NaN,NaN,7.29,8.35,6.65,0.13,3.36,1.1,0.19,NaN,99.04,10,194,189,NaN,72,78,23,747,15,79,2,336,10,25,18,1.08,2.21,0.19,4,1,13,26,3.81,15.98,3.6,1.1,3.17,0.49,NaN,NaN,1.65,0.24,1.5,0.23
MP-17-25,Lava,Lava Manantial Pelado,"Winslow,2018",Manantial Pelado,53.43,17.95,0.92,NaN,NaN,8.1,8.93,5.31,0.14,3.4,1,0.18,NaN,99.36,102,217,81,NaN,41,76,21,515,17,93,3,268,7,27,18,0.82,2.6,0.19,4,0.76,11,27,3.34,14.46,3.6,1.1,3.41,0.56,NaN,NaN,1.86,0.26,1.64,0.26
MP-17-26a-S1,Lava,Lava Manantial Pelado,"Winslow,2018",Manantial Pelado,53.99,17.86,1.08,NaN,NaN,8.52,8.15,4.2,0.15,3.72,1.09,0.22,NaN,98.98,91,217,45,NaN,21,84,25,603,19,100,2,319,10,25,20,1.49,2.78,0.23,3,1.03,12,33,4.08,17.44,4.18,1.32,3.86,0.61,NaN,NaN,1.94,0.27,1.69,0.27
MP-17-26c,Lava,Lava Manantial Pelado,"Winslow,2018",Manantial Pelado,54.04,17.82,1.08,NaN,NaN,8.38,8.36,4.32,0.14,3.94,1.1,0.23,NaN,99.41,85,231,47,NaN,22,82,25,605,19,99,3,312,10,25,20,1.43,2.76,0.22,4,1.05,12,30,4.02,17.21,4.16,1.29,3.82,0.61,NaN,NaN,1.9,0.27,1.66,0.26
MP-17-29,Lava,Lava Manantial Pelado,"Winslow,2018",Manantial Pelado,53.3,18.3,0.75,NaN,NaN,7.75,8.39,6.37,0.14,3.33,0.98,0.14,NaN,99.45,71,207,106,NaN,74,70,22,691,15,66,2,245,6,26,19,0.73,1.83,0.14,3,0.87,10,23,2.93,12.86,3.04,0.98,2.87,0.46,NaN,NaN,1.74,0.24,1.58,0.26
MP-17-31,Lava,Lava Manantial Pelado,"Winslow,2018",Manantial Pelado,52.18,17.85,0.7,NaN,NaN,7.62,9.4,7.4,0.14,2.93,0.87,0.14,NaN,99.23,82,198,218,NaN,86,67,18,710,14,64,1,252,8,26,19,1.04,1.88,0.14,3,0.91,11,23,3.07,13.18,3.1,0.96,2.77,0.43,NaN,NaN,1.58,0.22,1.42,0.23
MP-17-33a/b,Lava,Lava Manantial Pelado,"Winslow,2018",Manantial Pelado,53.09,18.34,0.77,NaN,NaN,7.76,8.46,6.25,0.14,3.29,0.99,0.15,NaN,99.24,93,213,104,NaN,72,70,21,695,16,67,2,252,7,26,20,0.98,1.91,0.15,3,0.88,9,27,3.1,13.56,3.25,1.04,2.97,0.48,NaN,NaN,1.78,0.26,1.62,0.27
MP-17-36,Lava,Lava Manantial Pelado,"Winslow,2018",Manantial Pelado,52.74,18.29,0.77,NaN,NaN,8,8.46,6.54,0.14,3.28,0.89,0.16,NaN,99.27,105,217,106,NaN,77,72,18,695,16,64,2,238,6,26,19,0.6,1.81,0.13,3,0.73,9,23,3.05,13.25,3.23,1.06,3.05,0.48,NaN,NaN,1.74,0.26,1.63,0.27
MP-17-40,Lava,Lava Manantial Pelado,"Winslow,2018",Manantial Pelado,61.26,16.03,1.35,NaN,NaN,6.54,4.17,1.79,0.14,5.07,2.56,0.54,NaN,99.45,10,73,0,NaN,1,90,72,393,32,216,7,562,14,16,19,2.91,5.94,0.53,9,2.26,25,59,8.04,33.94,7.98,2,7.01,1.11,NaN,NaN,3.39,0.49,2.94,0.46
MP-17-44a,Lava,Lava Manantial Pelado,"Winslow,2018",Manantial Pelado,64.02,15.83,0.97,NaN,NaN,5.56,3.09,1.17,0.14,5.37,3,0.31,NaN,99.46,11,27,1,NaN,2,93,89,324,33,249,8,645,18,14,21,4.64,6.89,0.59,10,2.68,28,65,8.23,33.98,7.92,1.92,6.82,1.09,NaN,NaN,3.54,0.51,3.25,0.52
MO-07-01,Lava,Flujo de lava Mondaca,"Ruprecht, 2012",Mondaca,69.75,14.53,0.37,NaN,NaN,2.06,1.31,0.44,0.06,4.99,3.97,0.04,NaN,97.5,7,17,9,NaN,4,51,132,143,25,268,8,648,21,6,17,NaN,NaN,NaN,16,NaN,24,48,NaN,21,NaN,NaN,NaN,NaN,NaN,NaN,NaN,NaN,NaN,NaN
MO-07-02,Lava,Flujo de lava Mondaca,"Ruprecht, 2012",Mondaca,70.1,14.52,0.38,NaN,NaN,2.08,1.36,0.46,0.06,5.01,3.98,0.07,NaN,98,9,17,9,NaN,4,50,133,144,26,274,8,644,20,6,18,NaN,NaN,NaN,14,NaN,21,54,NaN,24,NaN,NaN,NaN,NaN,NaN,NaN,NaN,NaN,NaN,NaN
050400-7B,Tefra,Bloque juvenil articulado prismáticamente. ," Naranjo,2021",Mondaca,70.03,15.07,0.3,NaN,2.37,NaN,1.55,0.53,0.08,5.15,4.13,0.13,NaN,99.34,NaN,NaN,NaN,NaN,NaN,NaN,NaN,NaN,NaN,NaN,NaN,NaN,NaN,NaN,NaN,NaN,NaN,NaN,NaN,NaN,NaN,NaN,NaN,NaN,NaN,NaN,NaN,NaN,NaN,NaN,NaN,NaN,NaN,NaN
050400-7D,Tefra,Bomba juvenil. ," Naranjo,2021",Mondaca,69.75,15.57,0.34,NaN,2.46,NaN,1.59,0.54,0.08,5.12,4.03,0.16,NaN,99.64,NaN,NaN,NaN,NaN,NaN,NaN,NaN,NaN,NaN,NaN,NaN,NaN,NaN,NaN,NaN,NaN,NaN,NaN,NaN,NaN,NaN,NaN,NaN,NaN,NaN,NaN,NaN,NaN,NaN,NaN,NaN,NaN,NaN,NaN
050400-8A,Tefra,Pomez.," Naranjo,2021",Mondaca,71.49,14.62,0.2,NaN,1.89,NaN,1.06,0.35,0.06,4.79,4.48,0.11,NaN,99.05,NaN,NaN,NaN,NaN,NaN,NaN,NaN,NaN,NaN,NaN,NaN,NaN,NaN,NaN,NaN,NaN,NaN,NaN,NaN,NaN,NaN,NaN,NaN,NaN,NaN,NaN,NaN,NaN,NaN,NaN,NaN,NaN,NaN,NaN
NPP-97B,Tefra,Bloque lahar juvenil.," Naranjo,2021",Mondaca,69.46,14.76,0.34,NaN,2.2,NaN,1.36,0.48,0.06,5.16,4.58,0.11,NaN,98.51,NaN,NaN,NaN,NaN,NaN,NaN,NaN,NaN,NaN,NaN,NaN,NaN,NaN,NaN,NaN,NaN,NaN,NaN,NaN,NaN,NaN,NaN,NaN,NaN,NaN,NaN,NaN,NaN,NaN,NaN,NaN,NaN,NaN,NaN
NPP-26A,Lava,Lava Mondaca," Naranjo,2021",Mondaca,70.59,14.39,0.51,NaN,2.19,NaN,1.48,0.5,0.06,4.86,4.15,1.04,NaN,99.77,NaN,NaN,NaN,NaN,NaN,NaN,NaN,NaN,NaN,NaN,NaN,NaN,NaN,NaN,NaN,NaN,NaN,NaN,NaN,NaN,NaN,NaN,NaN,NaN,NaN,NaN,NaN,NaN,NaN,NaN,NaN,NaN,NaN,NaN
010516-1,Tefra,Pomez.," Naranjo,2021",Mondaca,70.92,14.18,0.33,NaN,2.44,NaN,1.44,0.78,0.07,4.47,3.59,0.08,NaN,98.30,NaN,NaN,NaN,NaN,NaN,NaN,NaN,NaN,NaN,NaN,NaN,NaN,NaN,NaN,NaN,NaN,NaN,NaN,NaN,NaN,NaN,NaN,NaN,NaN,NaN,NaN,NaN,NaN,NaN,NaN,NaN,NaN,NaN,NaN
Q-2,Tefra,1932 Ejecta," Hildreth,1992",Quizapu,69.80,15.44,0.43,NaN,NaN,2.42,1.81,0.68,0.07,5.16,3.72,0.10,NaN,99.5,4,30,2,6.1,8,46,108,190,NaN,286,8,652,25,6,NaN,7,NaN,3.3,20,NaN,51,14,NaN,4.1,0.9,5.3,0.7,0.3,NaN,NaN,NaN,2.5,0.4,NaN
Q-2,Tefra,1932 Ejecta," Hildreth,1992",Quizapu,69.80,15.44,0.43,NaN,NaN,2.42,1.81,0.68,0.07,5.16,3.72,0.10,NaN,99.5,4,30,2,6.3,8,46,123,190,NaN,286,8,652,25,7,NaN,7.5,0.8,3.3,24,NaN,54,15,NaN,5.1,0.9,4.7,0.7,0.4,NaN,NaN,NaN,2.7,0.4,3.1
Q-3,Tefra,1932 Ejecta," Hildreth,1992",Quizapu,63.70,16.66,0.68,NaN,NaN,4.40,4.09,2.09,0.09,4.92,2.72,0.20,NaN,100.2,24,26,13,5.4,19,57,86,372,NaN,222,8,513,21,12,NaN,5.7,NaN,2.9,23,NaN,44,10,NaN,4,1,4,0.7,0.5,NaN,NaN,NaN,2.3,0.3,NaN
Q-3a,Tefra,1932 Ejecta," Hildreth,1992",Quizapu,62.95,16.80,0.71,NaN,NaN,4.74,4.41,2.36,0.10,4.75,2.60,0.18,NaN,98.8,24,26,13,5.3,19,57,86,372,NaN,222,8,513,22,12,NaN,5.7,NaN,2.7,29,NaN,44,10,NaN,4.2,1,5.1,0.7,0.3,NaN,NaN,NaN,2.3,0.4,NaN
Q-4,Tefra,1932 Ejecta," Hildreth,1992",Quizapu,67.90,15.95,0.55,NaN,NaN,3.09,2.38,0.89,0.08,5.25,3.38,0.14,NaN,98.3,8,29,0,NaN,12,53,NaN,260,NaN,267,8,636,NaN,NaN,NaN,NaN,NaN,NaN,NaN,NaN,NaN,NaN,NaN,NaN,NaN,NaN,NaN,NaN,NaN,NaN,NaN,NaN,NaN,NaN
Q-5,Tefra,1932 Ejecta," Hildreth,1992",Quizapu,67.90,15.89,0.56,NaN,NaN,3.05,2.41,0.96,0.08,5.28,3.36,0.10,NaN,99.3,8,28,0,5.2,9,43,106,262,NaN,260,6,622,24,7,NaN,6.6,0.7,2.9,20,NaN,50,12,NaN,4.9,1,5.2,0.6,0.4,NaN,NaN,NaN,2.5,0.4,3.8
Q-5,Tefra,1932 Ejecta," Hildreth,1992",Quizapu,67.90,15.89,0.56,NaN,NaN,3.05,2.41,0.96,0.08,5.28,3.36,0.10,NaN,99.3,8,28,0,5.1,9,43,101,262,NaN,260,6,622,25,7,NaN,6.4,NaN,2.5,25,NaN,49,12,NaN,4.3,1,5.6,0.7,0.4,NaN,NaN,NaN,2.5,0.4,NaN
Q-5,Tefra,1932 Ejecta," Hildreth,1992",Quizapu,67.90,15.89,0.56,NaN,NaN,3.05,2.41,0.96,0.08,5.28,3.36,0.10,NaN,99.3,8,28,0,5.4,9,43,106,262,NaN,260,6,622,26,8,NaN,6.8,NaN,3.9,25,NaN,51,13,NaN,4.6,1,4.8,0.8,0.4,NaN,NaN,NaN,2.5,0.4,NaN
Q-6,Tefra,1932 Ejecta," Hildreth,1992",Quizapu,68.10,16.07,0.56,NaN,NaN,2.89,2.39,0.89,0.08,5.16,3.35,0.11,NaN,98.8,1,27,0,NaN,10,48,NaN,274,NaN,267,6,659,NaN,NaN,NaN,NaN,NaN,NaN,NaN,NaN,NaN,NaN,NaN,NaN,NaN,NaN,NaN,NaN,NaN,NaN,NaN,NaN,NaN,NaN
Q-8,Tefra,1932 Ejecta," Hildreth,1992",Quizapu,67.70,16.06,0.55,NaN,NaN,3.09,2.42,0.93,0.08,5.34,3.31,0.15,NaN,99.5,1,28,0,NaN,9,48,NaN,277,NaN,265,8,655,NaN,NaN,NaN,NaN,NaN,NaN,NaN,NaN,NaN,NaN,NaN,NaN,NaN,NaN,NaN,NaN,NaN,NaN,NaN,NaN,NaN,NaN
Q-l0,Tefra,1932 Ejecta," Hildreth,1992",Quizapu,67.40,16.05,0.57,NaN,NaN,3.24,2.65,1.10,0.08,5.16,3.23,0.10,NaN,99.5,NaN,28,2,5.1,NaN,NaN,99,275,NaN,260,5,594,24,8,NaN,6.6,0.6,2.8,26,NaN,51,12,NaN,4.9,1,5.7,0.6,0.3,NaN,NaN,NaN,2.4,0.4,4.5
Q-l0,Tefra,1932 Ejecta," Hildreth,1992",Quizapu,67.40,16.05,0.57,NaN,NaN,3.24,2.65,1.10,0.08,5.16,3.23,0.10,NaN,99.5,NaN,28,2,5.2,NaN,NaN,98,275,NaN,260,5,594,24,8,NaN,6.8,NaN,2.7,26,NaN,51,12,NaN,4.3,1.1,53,0.7,0.4,NaN,NaN,NaN,2.6,0.4,NaN
Q-21,Tefra,1932 Ejecta," Hildreth,1992",Quizapu,67.80,15.86,0.56,NaN,NaN,3.11,2.52,0.94,0.08,5.31,3.29,0.16,NaN,98.9,6,27,1,5.1,8,47,105,272,NaN,260,5,625,24,7,NaN,6.4,0.7,3,22,NaN,49,12,NaN,5,1,NaN,0.7,NaN,NaN,NaN,NaN,2.5,0.4,3.9
Q-81,Tefra,1932 Ejecta," Hildreth,1992",Quizapu,69.85,15.54,0.44,NaN,NaN,2.47,1.81,0.65,0.07,5.08,3.59,0.10,NaN,100.1,6,31,3,NaN,8,46,NaN,204,NaN,270,7,669,NaN,NaN,NaN,NaN,NaN,NaN,NaN,NaN,NaN,NaN,NaN,NaN,NaN,NaN,NaN,NaN,NaN,NaN,NaN,NaN,NaN,NaN
Q-82,Tefra,1932 Ejecta," Hildreth,1992",Quizapu,69.80,15.27,0.44,NaN,NaN,2.55,1.86,0.71,0.07,5.16,3.66,0.12,NaN,98.7,3,29,1,NaN,8,41,NaN,209,NaN,273,9,672,NaN,NaN,NaN,NaN,NaN,NaN,NaN,NaN,NaN,NaN,NaN,NaN,NaN,NaN,NaN,NaN,NaN,NaN,NaN,NaN,NaN,NaN
Q-22,Lava,1846-47 Lavas," Hildreth,1992",Quizapu,68.00,16.03,0.52,NaN,NaN,2.97,2.42,0.94,0.08,5.15,3.33,0.16,NaN,100.8,8,27,0,4.3,8,38,105,285,NaN,256,5,643,NaN,8,NaN,4.2,6.7,0.6,12,2.9,26,50,NaN,26,5,1,5.4,0.6,NaN,NaN,NaN,0.4,2.4,0.4
Q-34,Lava,1846-47 Lavas," Hildreth,1992",Quizapu,67.40,16.02,0.56,NaN,NaN,3.19,2.52,1.03,0.08,5.33,3.30,0.16,NaN,99.1,2,29,3,4.5,9,48,107,277,NaN,272,6,638,NaN,8,NaN,5.2,6.8,0.6,12,2.8,25,52,NaN,25,5.2,1.1,5.3,0.7,NaN,NaN,NaN,0.4,2.5,0.4
Q-35,Lava,1846-47 Lavas," Hildreth,1992",Quizapu,67.00,16.06,0.58,NaN,NaN,3.32,2.67,1.12,0.09,5.30,3.26,0.16,NaN,99.5,7,27,1,NaN,8,52,NaN,283,NaN,264,7,619,NaN,NaN,NaN,NaN,NaN,NaN,NaN,NaN,NaN,NaN,NaN,NaN,NaN,NaN,NaN,NaN,NaN,NaN,NaN,NaN,NaN,NaN
Q-52,Lava,1846-47 Lavas," Hildreth,1992",Quizapu,67.30,15.93,0.58,NaN,NaN,3.28,2.61,1.01,0.08,5.36,3.27,0.16,NaN,99.7,4,28,0,NaN,9,42,NaN,288,NaN,262,7,624,NaN,NaN,NaN,NaN,NaN,NaN,NaN,NaN,NaN,NaN,NaN,NaN,NaN,NaN,NaN,NaN,NaN,NaN,NaN,NaN,NaN,NaN
Q-59a,Lava,1846-47 Lavas," Hildreth,1992",Quizapu,63.15,16.61,0.71,NaN,NaN,4.74,4.39,2.19,0.10,4.94,2.58,0.18,NaN,99.9,20,25,10,NaN,16,53,NaN,378,NaN,217,6,519,NaN,NaN,NaN,NaN,NaN,NaN,NaN,NaN,NaN,NaN,NaN,NaN,NaN,NaN,NaN,NaN,NaN,NaN,NaN,NaN,NaN,NaN
Q-59b,Lava,1846-47 Lavas," Hildreth,1992",Quizapu,63.40,16.66,0.70,NaN,NaN,4.66,4.33,2.21,0.10,4.69,2.65,0.19,NaN,99.6,20,29,12,11.4,23,55,81,374,NaN,225,7,534,NaN,12,NaN,4,5.5,0.5,9,2.3,22,44,NaN,20,4.7,1.1,NaN,0.7,NaN,NaN,NaN,NaN,2.4,0.3
Q-59c,Lava,1846-47 Lavas," Hildreth,1992",Quizapu,54.10,18.18,1.01,NaN,NaN,7.99,8.23,4.80,0.13,3.75,1.15,0.23,NaN,99.8,76,24,59,26.8,43,66,32,564,NaN,150,6,336,NaN,23,NaN,1.5,3.3,0.3,4,1,14,30,NaN,15,3.9,1.1,NaN,0.6,NaN,NaN,NaN,NaN,1.8,0.2
VQ-06-02,Lava,Andesitas y dacitas. Material de la erupción de 1846-47.,"Ruprecht, 2012",Quizapu,61.37,16.71,0.71,NaN,NaN,5.08,5.18,2.52,0.11,4.48,2.3,0.18,NaN,98.6,46,125,67,NaN,31,68,70,468,20,184,5,468,14,17,20,NaN,NaN,NaN,6,NaN,18,40,NaN,20,NaN,NaN,NaN,NaN,NaN,NaN,NaN,NaN,NaN,NaN
VQ-06-04D,Lava,Andesitas y dacitas. Material de la erupción de 1846-47.,"Ruprecht, 2012",Quizapu,64.67,15.8,0.59,NaN,NaN,3.61,3.15,1.34,0.09,4.95,2.98,0.15,NaN,97.3,19,66,34,NaN,19,63,94,325,24,238,7,576,17,11,19,NaN,NaN,NaN,9,NaN,18,47,NaN,23,NaN,NaN,NaN,NaN,NaN,NaN,NaN,NaN,NaN,NaN
VQ-06-06,Lava,Andesitas y dacitas. Material de la erupción de 1846-47.,"Ruprecht, 2012",Quizapu,65.89,15.62,0.56,NaN,NaN,3.09,2.48,0.95,0.09,5.17,3.19,0.15,NaN,97.2,10,44,18,NaN,12,61,103,282,24,255,8,608,20,9,19,NaN,NaN,NaN,11,NaN,22,52,NaN,24,NaN,NaN,NaN,NaN,NaN,NaN,NaN,NaN,NaN,NaN
VQ-06-08D,Lava,Andesitas y dacitas. Material de la erupción de 1846-47.,"Ruprecht, 2012",Quizapu,67.59,15.17,0.53,NaN,NaN,3.07,2.06,1.08,0.08,5.18,3.61,0.1,NaN,98.5,15,34,45,NaN,26,64,114,185,29,291,8,652,20,11,18,NaN,NaN,NaN,11,NaN,27,58,NaN,26,NaN,NaN,NaN,NaN,NaN,NaN,NaN,NaN,NaN,NaN
VQ-06-09,Lava,Andesitas y dacitas. Material de la erupción de 1846-47.,"Ruprecht, 2012",Quizapu,61.56,16.71,0.71,NaN,NaN,5,5.11,2.4,0.11,4.54,2.34,0.18,NaN,98.6,39,123,69,NaN,36,69,69,461,22,187,7,479,14,16,19,NaN,NaN,NaN,5,NaN,15,41,NaN,21,NaN,NaN,NaN,NaN,NaN,NaN,NaN,NaN,NaN,NaN
VQ-06-10,Lava,Andesitas y dacitas. Material de la erupción de 1846-47.,"Ruprecht, 2012",Quizapu,60.78,16.44,0.72,NaN,NaN,4.93,4.69,2.51,0.11,4.56,2.37,0.18,NaN,97.3,27,108,66,NaN,38,68,71,399,22,194,7,487,14,14,20,NaN,NaN,NaN,5,NaN,17,41,NaN,22,NaN,NaN,NaN,NaN,NaN,NaN,NaN,NaN,NaN,NaN
VQ-06-11,Lava,Andesitas y dacitas. Material de la erupción de 1846-47.,"Ruprecht, 2012",Quizapu,65.71,15.52,0.56,NaN,NaN,3.19,2.5,0.99,0.09,5.1,3.18,0.15,NaN,97,12,44,26,NaN,17,60,100,275,24,252,8,605,16,9,18,NaN,NaN,NaN,8,NaN,23,41,NaN,20,NaN,NaN,NaN,NaN,NaN,NaN,NaN,NaN,NaN,NaN
VQ-06-12,Lava,Andesitas y dacitas. Material de la erupción de 1846-47.,"Ruprecht, 2012",Quizapu,66.58,15.66,0.57,NaN,NaN,3.14,2.54,0.95,0.09,5.17,3.24,0.15,NaN,98.1,12,44,12,NaN,4,63,103,278,24,255,7,611,15,9,18,NaN,NaN,NaN,12,NaN,25,52,NaN,25,NaN,NaN,NaN,NaN,NaN,NaN,NaN,NaN,NaN,NaN
VQ-06-14,Lava,Andesitas y dacitas. Material de la erupción de 1846-47.,"Ruprecht, 2012",Quizapu,65.8,15.49,0.56,NaN,NaN,3.09,2.43,0.95,0.09,5.12,3.2,0.15,NaN,96.9,9,43,19,NaN,13,62,100,271,24,253,8,613,17,8,19,NaN,NaN,NaN,8,NaN,26,48,NaN,24,NaN,NaN,NaN,NaN,NaN,NaN,NaN,NaN,NaN,NaN
VQ-06-15,Lava,Andesitas y dacitas. Material de la erupción de 1846-47.,"Ruprecht, 2012",Quizapu,61.28,16.4,0.71,NaN,NaN,4.79,4.53,2.39,0.11,4.63,2.44,0.17,NaN,97.4,30,102,113,NaN,53,69,71,385,21,196,8,498,14,13,19,NaN,NaN,NaN,5,NaN,22,39,NaN,19,NaN,NaN,NaN,NaN,NaN,NaN,NaN,NaN,NaN,NaN
VQ-06-16,Lava,Andesitas y dacitas. Material de la erupción de 1846-47.,"Ruprecht, 2012",Quizapu,60.75,16.35,0.69,NaN,NaN,4.82,4.89,2.33,0.11,4.49,2.34,0.17,NaN,96.9,41,115,64,NaN,34,65,70,442,20,186,7,475,13,16,20,NaN,NaN,NaN,5,NaN,20,40,NaN,19,NaN,NaN,NaN,NaN,NaN,NaN,NaN,NaN,NaN,NaN
VQ-06-22D,Lava,Andesitas y dacitas. Material de la erupción de 1846-47.,"Ruprecht, 2012",Quizapu,63.29,16,0.64,NaN,NaN,3.96,3.57,1.7,0.1,4.85,2.77,0.16,NaN,97,18,79,48,NaN,29,64,87,342,23,222,7,543,16,11,19,NaN,NaN,NaN,9,NaN,21,46,NaN,23,NaN,NaN,NaN,NaN,NaN,NaN,NaN,NaN,NaN,NaN
VQ-06-24D,Lava,Andesitas y dacitas. Material de la erupción de 1846-47.,"Ruprecht, 2012",Quizapu,65.27,15.83,0.6,NaN,NaN,3.59,3.08,1.31,0.09,5,3.03,0.15,NaN,98,16,62,33,NaN,20,62,97,316,25,243,8,578,17,10,19,NaN,NaN,NaN,10,NaN,25,54,NaN,25,NaN,NaN,NaN,NaN,NaN,NaN,NaN,NaN,NaN,NaN
VQ-06-26D,Lava,Andesitas y dacitas. Material de la erupción de 1846-47.,"Ruprecht, 2012",Quizapu,63.88,16.07,0.64,NaN,NaN,4.08,3.83,1.7,0.1,4.85,2.78,0.16,NaN,98.1,28,82,22,NaN,8,64,86,361,24,222,6,545,14,11,17,NaN,NaN,NaN,10,NaN,20,39,NaN,21,NaN,NaN,NaN,NaN,NaN,NaN,NaN,NaN,NaN,NaN
VQ-07-35,Lava,Andesitas y dacitas. Material de la erupción de 1846-47.,"Ruprecht, 2012",Quizapu,66.82,15.73,0.57,NaN,NaN,3.16,2.53,0.96,0.09,5.2,3.24,0.15,NaN,98.5,16,43,9,NaN,5,64,104,277,25,257,7,619,17,9,17,NaN,NaN,NaN,11,NaN,23,52,NaN,23,NaN,NaN,NaN,NaN,NaN,NaN,NaN,NaN,NaN,NaN
VQ-07-36,Lava,Andesitas y dacitas. Material de la erupción de 1846-47.,"Ruprecht, 2012",Quizapu,66.63,15.8,0.57,NaN,NaN,3.23,2.63,0.97,0.09,5.16,3.2,0.15,NaN,98.4,15,46,18,NaN,8,61,102,294,24,247,7,617,16,8,18,NaN,NaN,NaN,10,NaN,24,56,NaN,25,NaN,NaN,NaN,NaN,NaN,NaN,NaN,NaN,NaN,NaN
VQ-07-39,Lava,Andesitas y dacitas. Material de la erupción de 1846-47.,"Ruprecht, 2012",Quizapu,65.99,15.93,0.6,NaN,NaN,3.51,2.9,1.12,0.1,5.12,3.07,0.17,NaN,98.5,14,56,17,NaN,8,67,98,314,24,239,6,599,16,8,19,NaN,NaN,NaN,12,NaN,25,47,NaN,23,NaN,NaN,NaN,NaN,NaN,NaN,NaN,NaN,NaN,NaN
VQ-07-44D,Lava,Andesitas y dacitas. Material de la erupción de 1846-47.,"Ruprecht, 2012",Quizapu,64.73,15.96,0.63,NaN,NaN,3.94,3.51,1.54,0.1,4.94,2.91,0.16,NaN,98.4,25,74,19,NaN,7,66,90,340,24,231,6,561,14,12,18,NaN,NaN,NaN,10,NaN,24,46,NaN,21,NaN,NaN,NaN,NaN,NaN,NaN,NaN,NaN,NaN,NaN
VQ-06-04A,Lava,Inclusiones andesiticas. Material de la erupción de 1846-47. ,"Ruprecht, 2012",Quizapu,54.92,17.53,0.81,NaN,NaN,6.78,7.85,4.08,0.13,3.77,1.38,0.18,NaN,97.4,49,201,56,NaN,23,77,36,654,17,106,3,318,9,25,20,NaN,NaN,NaN,4,NaN,13,31,NaN,18,NaN,NaN,NaN,NaN,NaN,NaN,NaN,NaN,NaN,NaN
VQ-06-22A,Lava,Inclusiones andesiticas. Material de la erupción de 1846-47. ,"Ruprecht, 2012",Quizapu,53.85,17.95,1,NaN,NaN,7.61,7.95,4.76,0.13,3.81,1.19,0.21,NaN,98.5,48,205,71,NaN,48,78,30,573,18,114,5,315,9,22,19,NaN,NaN,NaN,3,NaN,12,29,NaN,15,NaN,NaN,NaN,NaN,NaN,NaN,NaN,NaN,NaN,NaN
VQ-06-24A,Lava,Inclusiones andesiticas. Material de la erupción de 1846-47. ,"Ruprecht, 2012",Quizapu,56.78,17.14,0.79,NaN,NaN,6.39,7.05,3.56,0.13,3.98,1.65,0.19,NaN,97.7,62,183,45,NaN,21,72,45,603,19,126,5,358,12,22,20,NaN,NaN,NaN,4,NaN,15,29,NaN,16,NaN,NaN,NaN,NaN,NaN,NaN,NaN,NaN,NaN,NaN
VQ-06-26A,Lava,Inclusiones andesiticas. Material de la erupción de 1846-47. ,"Ruprecht, 2012",Quizapu,57.32,17.3,0.8,NaN,NaN,6.27,7.21,3.6,0.12,3.97,1.68,0.19,NaN,98.5,67,174,42,NaN,13,71,44,591,18,128,4,359,8,22,18,NaN,NaN,NaN,4,NaN,17,37,NaN,18,NaN,NaN,NaN,NaN,NaN,NaN,NaN,NaN,NaN,NaN
VQ-07-44A,Lava,Inclusiones andesiticas. Material de la erupción de 1846-47. ,"Ruprecht, 2012",Quizapu,56.92,17.29,0.81,NaN,NaN,6.53,7.37,3.75,0.12,3.89,1.58,0.19,NaN,98.4,52,181,42,NaN,15,76,41,606,19,121,3,348,9,23,18,NaN,NaN,NaN,5,NaN,17,31,NaN,18,NaN,NaN,NaN,NaN,NaN,NaN,NaN,NaN,NaN,NaN
VQ-06-17,Tefra,Dacitas y pomez daciticas. Material de la erupción de 1932. ,"Ruprecht, 2012",Quizapu,66.3,15.46,0.53,NaN,NaN,2.94,2.3,0.87,0.09,5.16,3.25,0.14,NaN,97,7,37,13,NaN,13,60,106,269,25,254,7,612,19,8,18,NaN,NaN,NaN,12,NaN,24,48,NaN,23,NaN,NaN,NaN,NaN,NaN,NaN,NaN,NaN,NaN,NaN
VQ-06-20,Tefra,Dacitas y pomez daciticas. Material de la erupción de 1932. ,"Ruprecht, 2012",Quizapu,66.74,15.51,0.53,NaN,NaN,2.88,2.28,0.85,0.09,5.15,3.3,0.14,NaN,97.5,11,37,10,NaN,10,59,108,265,24,256,8,618,19,8,20,NaN,NaN,NaN,11,NaN,24,52,NaN,24,NaN,NaN,NaN,NaN,NaN,NaN,NaN,NaN,NaN,NaN
VQ-06-21,Tefra,Dacitas y pomez daciticas. Material de la erupción de 1932. ,"Ruprecht, 2012",Quizapu,66.85,15.64,0.55,NaN,NaN,3.04,2.4,0.93,0.09,5.14,3.29,0.14,NaN,98.1,15,39,12,NaN,10,61,108,274,24,252,8,612,19,9,17,NaN,NaN,NaN,11,NaN,25,52,NaN,25,NaN,NaN,NaN,NaN,NaN,NaN,NaN,NaN,NaN,NaN
VQ-06-23,Tefra,Dacitas y pomez daciticas. Material de la erupción de 1932. ,"Ruprecht, 2012",Quizapu,66.64,15.6,0.54,NaN,NaN,2.96,2.34,0.88,0.09,5.19,3.26,0.14,NaN,97.6,12,36,6,NaN,8,61,105,272,24,255,7,621,20,7,19,NaN,NaN,NaN,12,NaN,24,49,NaN,24,NaN,NaN,NaN,NaN,NaN,NaN,NaN,NaN,NaN,NaN
VQ-06-31,Tefra,Dacitas y pomez daciticas. Material de la erupción de 1932. ,"Ruprecht, 2012",Quizapu,66.22,15.6,0.57,NaN,NaN,3.14,2.47,0.91,0.09,5.13,3.21,0.15,NaN,97.5,9,41,11,NaN,5,62,102,278,25,252,6,616,17,8,18,NaN,NaN,NaN,12,NaN,22,50,NaN,25,NaN,NaN,NaN,NaN,NaN,NaN,NaN,NaN,NaN,NaN
VQ-07-37A,Tefra,Dacitas y pomez daciticas. Material de la erupción de 1932. ,"Ruprecht, 2012",Quizapu,66.5,15.47,0.54,NaN,NaN,2.97,2.38,0.87,0.09,5.13,3.27,0.14,NaN,97.4,12,40,11,NaN,5,61,104,265,25,256,7,617,17,8,18,NaN,NaN,NaN,12,NaN,24,52,NaN,23,NaN,NaN,NaN,NaN,NaN,NaN,NaN,NaN,NaN,NaN
VQ-07-37C,Tefra,Dacitas y pomez daciticas. Material de la erupción de 1932. ,"Ruprecht, 2012",Quizapu,66.76,15.38,0.53,NaN,NaN,2.9,2.28,0.84,0.09,5.15,3.33,0.14,NaN,97.4,20,37,15,NaN,7,60,108,256,24,258,6,624,18,7,17,NaN,NaN,NaN,13,NaN,25,57,NaN,26,NaN,NaN,NaN,NaN,NaN,NaN,NaN,NaN,NaN,NaN
VQ-07-37D,Tefra,Dacitas y pomez daciticas. Material de la erupción de 1932. ,"Ruprecht, 2012",Quizapu,66.41,15.5,0.54,NaN,NaN,2.94,2.36,0.86,0.09,5.15,3.28,0.14,NaN,97.3,12,36,8,NaN,4,60,105,266,24,255,6,620,17,7,18,NaN,NaN,NaN,12,NaN,24,50,NaN,23,NaN,NaN,NaN,NaN,NaN,NaN,NaN,NaN,NaN,NaN
VQ-07-40,Tefra,Dacitas y pomez daciticas. Material de la erupción de 1932. ,"Ruprecht, 2012",Quizapu,66.94,15.45,0.52,NaN,NaN,2.87,2.27,0.81,0.08,5.15,3.34,0.13,NaN,97.6,12,36,10,NaN,5,61,107,258,26,257,7,617,18,7,16,NaN,NaN,NaN,12,NaN,26,47,NaN,23,NaN,NaN,NaN,NaN,NaN,NaN,NaN,NaN,NaN,NaN
VQ-07-41,Tefra,Dacitas y pomez daciticas. Material de la erupción de 1932. ,"Ruprecht, 2012",Quizapu,66.42,15.71,0.55,NaN,NaN,3.09,2.53,0.93,0.09,5.15,3.22,0.14,NaN,97.8,9,43,12,NaN,5,62,104,283,25,247,6,609,17,8,17,NaN,NaN,NaN,12,NaN,22,49,NaN,25,NaN,NaN,NaN,NaN,NaN,NaN,NaN,NaN,NaN,NaN
Q-85,Tefra,Escoria inicial y terminal. Material de la erupción de 1932. ,"Ruprecht, 2012",Quizapu,55.26,17.95,0.94,NaN,NaN,7.2,7.78,4.61,0.12,4.11,1.42,0.2,NaN,99.9,63,23,51,NaN,38,64,NaN,548,NaN,144,5,364,NaN,NaN,NaN,NaN,NaN,NaN,NaN,NaN,NaN,NaN,NaN,NaN,NaN,NaN,NaN,NaN,NaN,NaN,NaN,NaN,NaN,NaN
Q-91,Tefra,Escoria inicial y terminal. Material de la erupción de 1932. ,"Ruprecht, 2012",Quizapu,61.89,17.06,0.73,NaN,NaN,5.03,4.83,2.63,0.11,4.75,2.42,0.16,NaN,99,25,24,17,NaN,23,55,NaN,399,NaN,205,5,534,NaN,NaN,NaN,NaN,NaN,NaN,NaN,NaN,NaN,NaN,NaN,NaN,NaN,NaN,NaN,NaN,NaN,NaN,NaN,NaN,NaN,NaN
Q-92,Tefra,Escoria inicial y terminal. Material de la erupción de 1932. ,"Ruprecht, 2012",Quizapu,59.84,17.17,0.82,NaN,NaN,5.87,5.72,3.21,0.11,4.62,2.05,0.18,NaN,99.7,30,22,37,NaN,28,58,NaN,434,NaN,185,8,438,NaN,NaN,NaN,NaN,NaN,NaN,NaN,NaN,NaN,NaN,NaN,NaN,NaN,NaN,NaN,NaN,NaN,NaN,NaN,NaN,NaN,NaN
Q-94,Tefra,Escoria inicial y terminal. Material de la erupción de 1932. ,"Ruprecht, 2012",Quizapu,61.16,16.99,0.76,NaN,NaN,5.37,5.2,2.8,0.11,4.8,2.24,0.18,NaN,99.7,27,26,21,NaN,23,56,NaN,415,NaN,198,9,481,NaN,NaN,NaN,NaN,NaN,NaN,NaN,NaN,NaN,NaN,NaN,NaN,NaN,NaN,NaN,NaN,NaN,NaN,NaN,NaN,NaN,NaN
Q-95,Tefra,Escoria inicial y terminal. Material de la erupción de 1932. ,"Ruprecht, 2012",Quizapu,57.59,17.86,0.98,NaN,NaN,7.17,6.36,2.91,0.13,4.72,1.59,0.3,NaN,99.3,37,24,3,NaN,9,56,NaN,574,NaN,155,6,432,NaN,NaN,NaN,NaN,NaN,NaN,NaN,NaN,NaN,NaN,NaN,NaN,NaN,NaN,NaN,NaN,NaN,NaN,NaN,NaN,NaN,NaN
Q-07,Tefra,Escoria inicial y terminal. Material de la erupción de 1932. ,"Ruprecht, 2012",Quizapu,55.41,17.97,0.95,NaN,NaN,7.19,7.82,4.67,0.12,3.86,1.41,0.2,NaN,100.9,55,22,60,NaN,35,60,42,540,NaN,139,3,335,NaN,21,NaN,1.7,3.2,NaN,4,1,15,31,NaN,19,3.4,1,4,0.5,NaN,NaN,NaN,0.4,1.8,0.3
Q-09,Tefra,Escoria inicial y terminal. Material de la erupción de 1932. ,"Ruprecht, 2012",Quizapu,59.65,17.39,0.8,NaN,NaN,5.82,5.9,3.29,0.11,4.4,2.07,0.19,NaN,100.1,37,23,31,17.4,23,57,62,434,NaN,182,5,445,NaN,16,NaN,3,4.6,0.4,7,1.7,19,37,NaN,21,4.3,1,3.7,0.6,NaN,NaN,NaN,0.3,2,0.3
Q-16,Tefra,Escoria inicial y terminal. Material de la erupción de 1932. ,"Ruprecht, 2012",Quizapu,54.54,17.95,1,NaN,NaN,7.57,8.26,4.86,0.13,3.8,1.29,0.22,NaN,100.5,63,20,40,25.6,33,47,36,588,NaN,134,4,338,NaN,22,NaN,1.4,2.9,0.3,4,1.3,14,30,NaN,16,3.9,1,NaN,0.5,NaN,NaN,NaN,NaN,1.7,0.2
Q-17,Tefra,Escoria inicial y terminal. Material de la erupción de 1932. ,"Ruprecht, 2012",Quizapu,52.57,18.62,1.04,NaN,NaN,8.03,9.12,5.35,0.13,3.55,0.98,0.23,NaN,100.7,66,18,68,29,43,59,26,599,NaN,121,3,273,NaN,24,NaN,1,2.4,0.2,3,0.6,13,27,NaN,17,3.8,1.1,4.3,0.5,NaN,NaN,NaN,0.2,1.6,0.2
Q-18,Tefra,Escoria inicial y terminal. Material de la erupción de 1932. ,"Ruprecht, 2012",Quizapu,55.34,17.95,0.96,NaN,NaN,7.21,7.96,4.5,0.12,3.92,1.42,0.22,NaN,99.9,58,20,59,24.2,38,59,40,544,NaN,147,3,353,NaN,21,NaN,1.8,3.1,0.3,5,1.1,15,32,NaN,16,3.9,1,NaN,0.6,NaN,NaN,NaN,NaN,1.7,0.2
Q-89,Tefra,Escoria inicial y terminal. Material de la erupción de 1932. ,"Ruprecht, 2012",Quizapu,52.12,18.71,1.05,NaN,NaN,8.11,9.01,5.43,0.13,3.82,0.99,0.22,NaN,99.6,71,19,64,NaN,46,60,NaN,610,NaN,121,6,285,NaN,NaN,NaN,NaN,NaN,NaN,NaN,NaN,NaN,NaN,NaN,NaN,NaN,NaN,NaN,NaN,NaN,NaN,NaN,NaN,NaN,NaN
Q-93,Tefra,Escoria inicial y terminal. Material de la erupción de 1932. ,"Ruprecht, 2012",Quizapu,57.83,18.14,0.96,NaN,NaN,7,6.21,2.81,0.13,4.61,1.6,0.3,NaN,99.9,29,23,15,NaN,10,55,NaN,581,NaN,156,6,432,NaN,NaN,NaN,NaN,NaN,NaN,NaN,NaN,NaN,NaN,NaN,NaN,NaN,NaN,NaN,NaN,NaN,NaN,NaN,NaN,NaN,NaN
Q-01,Tefra,Escoria inicial y terminal. Material de la erupción de 1932. ,"Ruprecht, 2012",Quizapu,57.37,17.95,1.03,NaN,NaN,7.36,6.49,3.05,0.14,4.3,1.59,0.32,NaN,99.3,40,24,10,NaN,12,75,NaN,550,NaN,162,6,445,NaN,NaN,NaN,NaN,NaN,NaN,NaN,NaN,NaN,NaN,NaN,NaN,NaN,NaN,NaN,NaN,NaN,NaN,NaN,NaN,NaN,NaN
VQ-06-18,Tefra,Escoria inicial y terminal. Material de la erupción de 1932. ,"Ruprecht, 2012",Quizapu,54.27,17.91,0.97,NaN,NaN,7.21,8.03,4.77,0.13,3.75,1.29,0.21,NaN,98.5,59,201,110,NaN,67,75,34,587,17,117,6,322,9,23,19,NaN,NaN,NaN,3,NaN,15,29,NaN,17,NaN,NaN,NaN,NaN,NaN,NaN,NaN,NaN,NaN,NaN
VQ-07-37B,Tefra,Escoria inicial y terminal. Material de la erupción de 1932. ,"Ruprecht, 2012",Quizapu,59.52,16.94,0.79,NaN,NaN,5.54,5.53,2.99,0.11,4.41,2.11,0.19,NaN,98.1,40,131,36,NaN,21,73,62,445,21,173,5,455,12,16,19,NaN,NaN,NaN,8,NaN,19,40,NaN,21,NaN,NaN,NaN,NaN,NaN,NaN,NaN,NaN,NaN,NaN
VQ-07-42,Tefra,Escoria inicial y terminal. Material de la erupción de 1932. ,"Ruprecht, 2012",Quizapu,54.42,17.91,0.97,NaN,NaN,7.14,8.02,4.72,0.13,3.77,1.33,0.21,NaN,98.6,82,194,63,NaN,38,74,35,577,18,117,4,326,7,24,18,NaN,NaN,NaN,4,NaN,13,33,NaN,19,NaN,NaN,NaN,NaN,NaN,NaN,NaN,NaN,NaN,NaN
MH-12-29c En,Lava,1846-47 Lavas.,"Higgins, 2015",Quizapu,57.22,17.37,0.78,NaN,7.48,NaN,7.47,3.7,0.12,4.07,1.46,0.17,NaN,99.95,17.95,160.71,38.79,19.11,9.52,65.70,44.03,545.41,NaN,145.21,4.32,365.12,9.92,23.99,17.77,1.40,3.47,0.22,5.02,1.39,NaN,NaN,NaN,NaN,NaN,NaN,NaN,NaN,NaN,NaN,NaN,NaN,NaN,NaN
MH-12-02 Enc,Lava,1846-47 Lavas.,"Higgins, 2015",Quizapu,57.34,17.22,0.76,NaN,7.08,NaN,7.36,3.63,0.12,3.9,1.61,0.17,NaN,99.79,45.28,161.58,37.07,19.37,9.23,71.01,45.32,573.24,NaN,144.20,4.62,364.45,13.87,23.65,17.23,2.18,3.45,0.24,5.10,1.43,NaN,NaN,NaN,NaN,NaN,NaN,NaN,NaN,NaN,NaN,NaN,NaN,NaN,NaN
MH-12-29b En,Lava,1846-47 Lavas.,"Higgins, 2015",Quizapu,57.39,17.32,0.75,NaN,6.93,NaN,7.16,3.58,0.12,4.05,1.62,0.17,NaN,99.39,19.26,153.30,37.27,19.00,10.30,65.30,52.97,548.14,NaN,155.73,3.94,377.65,28.63,24.05,17.35,2.41,3.62,0.25,5.39,1.51,NaN,NaN,NaN,NaN,NaN,NaN,NaN,NaN,NaN,NaN,NaN,NaN,NaN,NaN
MH-12-05,Lava,1846-47 Lavas.,"Higgins, 2015",Quizapu,58.9,17.56,0.75,NaN,6.78,NaN,6.79,3.35,0.12,4.2,1.78,0.19,NaN,100.62,49.36,145.36,29.94,17.27,8.60,64.76,49.83,495.70,NaN,162.59,4.64,402.44,9.85,21.98,17.59,2.06,3.88,0.27,5.80,1.64,NaN,NaN,NaN,NaN,NaN,NaN,NaN,NaN,NaN,NaN,NaN,NaN,NaN,NaN
MH-12-06,Lava,1846-47 Lavas.,"Higgins, 2015",Quizapu,59.24,17.4,0.73,NaN,6.53,NaN,6.47,3.17,0.12,4.25,1.9,0.19,NaN,100.19,48.95,138.18,29.73,16.04,7.76,65.22,55.34,523.81,NaN,171.25,4.75,436.77,11.64,21.32,17.26,2.77,4.12,0.27,6.23,1.77,NaN,NaN,NaN,NaN,NaN,NaN,NaN,NaN,NaN,NaN,NaN,NaN,NaN,NaN
MH-12-08,Lava,1846-47 Lavas.,"Higgins, 2015",Quizapu,59.34,16.95,0.74,NaN,6.39,NaN,6.4,3.09,0.12,4.22,1.88,0.18,NaN,99.69,43.75,133.90,27.43,15.75,7.65,66.02,55.90,514.58,NaN,174.46,5.16,416.68,11.54,22.13,17.22,2.75,4.10,0.25,6.27,1.81,NaN,NaN,NaN,NaN,NaN,NaN,NaN,NaN,NaN,NaN,NaN,NaN,NaN,NaN
MH-12-09,Lava,1846-47 Lavas.,"Higgins, 2015",Quizapu,60.83,17.12,0.72,NaN,6.15,NaN,6.06,3,0.12,4.37,2.05,0.18,NaN,100.63,35.47,127.59,27.09,53.32,7.29,63.95,63.14,478.04,NaN,190.58,5.15,444.12,10.47,19.56,16.87,3.09,4.51,0.29,5.95,1.69,NaN,NaN,NaN,NaN,NaN,NaN,NaN,NaN,NaN,NaN,NaN,NaN,NaN,NaN
MH-12-03,Lava,1846-47 Lavas.,"Higgins, 2015",Quizapu,61.85,16.69,0.67,NaN,5.6,NaN,5.14,2.48,0.11,4.6,2.35,0.18,NaN,99.9,29.28,105.27,22.47,12.51,5.72,62.80,73.71,394.44,NaN,214.47,5.55,494.52,14.73,17.96,17.64,3.78,5.09,0.37,8.21,2.32,NaN,NaN,NaN,NaN,NaN,NaN,NaN,NaN,NaN,NaN,NaN,NaN,NaN,NaN
MH-12-04,Lava,1846-47 Lavas.,"Higgins, 2015",Quizapu,61.91,16.73,0.67,NaN,5.67,NaN,5.31,2.48,0.11,4.68,2.28,0.17,NaN,100.34,34.66,108.12,22.56,12.76,6.91,61.25,71.41,408.96,NaN,211.89,5.47,484.70,13.45,18.91,17.35,3.68,5.07,0.35,7.98,2.27,NaN,NaN,NaN,NaN,NaN,NaN,NaN,NaN,NaN,NaN,NaN,NaN,NaN,NaN
MH-12-07,Lava,1846-47 Lavas.,"Higgins, 2015",Quizapu,62.3,16.62,0.66,NaN,5.46,NaN,5.05,2.4,0.11,4.62,2.37,0.17,NaN,100.29,29.83,100.07,19.23,11.91,5.55,62.09,75.48,400.31,NaN,216.93,6.30,499.15,13.74,18.26,17.50,3.81,5.13,0.37,8.44,2.42,NaN,NaN,NaN,NaN,NaN,NaN,NaN,NaN,NaN,NaN,NaN,NaN,NaN,NaN
MH-12-22,Lava,1846-47 Lavas.,"Higgins, 2015",Quizapu,63.04,16.52,0.68,NaN,5.2,NaN,4.52,2.26,0.1,4.85,2.57,0.17,NaN,100.01,22.57,90.24,19.98,11.43,14.72,62.87,80.92,359.85,NaN,236.05,8.26,527.79,14.94,16.76,18.37,4.00,5.63,0.48,8.98,2.48,NaN,NaN,NaN,NaN,NaN,NaN,NaN,NaN,NaN,NaN,NaN,NaN,NaN,NaN
MH-12-21,Lava,1846-47 Lavas.,"Higgins, 2015",Quizapu,64.32,16.21,0.6,NaN,4.45,NaN,3.65,1.65,0.1,5,2.79,0.16,NaN,99.27,20.34,67.39,11.13,9.03,10.46,60.33,91.21,327.23,NaN,258.23,7.21,565.74,16.27,15.01,17.69,4.47,6.18,0.49,10.12,2.84,NaN,NaN,NaN,NaN,NaN,NaN,NaN,NaN,NaN,NaN,NaN,NaN,NaN,NaN
MH-12-12,Lava,1846-47 Lavas.,"Higgins, 2015",Quizapu,64.9,16.06,0.58,NaN,4.42,NaN,3.76,1.57,0.1,4.89,2.81,0.16,NaN,99.58,18.52,67.32,11.35,7.54,2.68,56.45,95.46,311.34,NaN,271.79,6.79,578.11,16.19,14.43,17.44,5.03,6.24,0.43,10.52,2.94,NaN,NaN,NaN,NaN,NaN,NaN,NaN,NaN,NaN,NaN,NaN,NaN,NaN,NaN
MH-12-29c,Lava,1846-47 Lavas.,"Higgins, 2015",Quizapu,64.96,16.11,0.59,NaN,4.36,NaN,3.77,1.62,0.1,4.95,2.82,0.16,NaN,99.61,20.11,68.17,10.71,7.50,3.56,56.31,96.90,316.02,NaN,268.80,6.96,585.66,15.46,15.76,16.92,4.96,6.33,0.44,10.45,3.04,NaN,NaN,NaN,NaN,NaN,NaN,NaN,NaN,NaN,NaN,NaN,NaN,NaN,NaN
MH-12-29a,Lava,1846-47 Lavas.,"Higgins, 2015",Quizapu,64.98,16.36,0.59,NaN,4.47,NaN,3.71,1.63,0.1,5.02,2.86,0.16,NaN,99.96,21.19,66.38,10.92,7.29,3.03,57.45,97.61,312.39,NaN,274.73,6.77,589.26,16.00,14.86,17.26,5.02,6.25,0.45,10.51,2.94,NaN,NaN,NaN,NaN,NaN,NaN,NaN,NaN,NaN,NaN,NaN,NaN,NaN,NaN
MH-12-10,Lava,1846-47 Lavas.,"Higgins, 2015",Quizapu,65.01,15.98,0.59,NaN,4.6,NaN,3.62,1.53,0.1,4.96,2.87,0.16,NaN,99.92,21.25,64.71,8.56,7.03,2.70,56.20,95.46,294.49,NaN,263.35,6.95,568.74,15.68,13.14,16.89,5.03,6.16,0.41,10.35,2.95,NaN,NaN,NaN,NaN,NaN,NaN,NaN,NaN,NaN,NaN,NaN,NaN,NaN,NaN
MH-12-02,Lava,1846-47 Lavas.,"Higgins, 2015",Quizapu,65.1,16.07,0.59,NaN,4.36,NaN,3.83,1.57,0.1,4.89,2.82,0.16,NaN,99.83,22.54,70.59,12.44,7.56,3.01,58.60,93.35,318.20,NaN,251.27,6.94,570.14,15.93,15.53,17.82,4.97,6.03,0.46,10.28,2.94,NaN,NaN,NaN,NaN,NaN,NaN,NaN,NaN,NaN,NaN,NaN,NaN,NaN,NaN
MH-12-27,Lava,1846-47 Lavas.,"Higgins, 2015",Quizapu,65.37,16.31,0.57,NaN,4.21,NaN,3.41,1.5,0.1,5.04,2.93,0.16,NaN,100,18.21,60.74,9.27,6.73,2.58,57.10,102.06,307.15,NaN,282.94,7.52,603.70,16.98,15.46,18.83,5.36,6.58,0.48,10.97,3.11,NaN,NaN,NaN,NaN,NaN,NaN,NaN,NaN,NaN,NaN,NaN,NaN,NaN,NaN
MH-12-28,Lava,1846-47 Lavas.,"Higgins, 2015",Quizapu,66.07,16.1,0.56,NaN,3.99,NaN,3.19,1.28,0.1,5.16,3.07,0.15,NaN,99.9,17.21,53.29,7.46,5.65,1.85,55.39,104.98,273.56,NaN,289.21,7.12,618.33,25.51,14.42,17.19,5.48,6.81,0.47,11.29,3.17,NaN,NaN,NaN,NaN,NaN,NaN,NaN,NaN,NaN,NaN,NaN,NaN,NaN,NaN
MH-12-13,Lava,1846-47 Lavas.,"Higgins, 2015",Quizapu,66.21,15.9,0.56,NaN,4.12,NaN,3.17,1.29,0.09,5.06,3.04,0.15,NaN,99.87,14.29,53.19,7.39,5.54,2.65,53.19,105.26,271.37,NaN,290.51,7.08,607.62,16.52,14.63,17.31,5.42,6.80,0.45,11.49,3.23,NaN,NaN,NaN,NaN,NaN,NaN,NaN,NaN,NaN,NaN,NaN,NaN,NaN,NaN
MH-12-24,Lava,1846-47 Lavas.,"Higgins, 2015",Quizapu,66.58,16.04,0.55,NaN,4.1,NaN,2.92,1.05,0.1,5.2,3.05,0.18,NaN,100.12,11.93,47.65,4.15,4.59,1.55,54.94,105.99,278.38,NaN,288.72,8.05,633.71,18.38,12.43,18.01,5.48,6.61,0.51,11.28,3.16,NaN,NaN,NaN,NaN,NaN,NaN,NaN,NaN,NaN,NaN,NaN,NaN,NaN,NaN
MH-12-16,Lava,1846-47 Lavas.,"Higgins, 2015",Quizapu,67.25,15.96,0.5,NaN,3.29,NaN,2.47,0.89,0.09,5.3,3.31,0.14,NaN,99.24,10.40,33.30,2.30,3.26,0.88,45.70,114.15,238.19,NaN,272.90,7.80,661.32,15.11,11.20,17.45,3.47,6.78,0.63,12.36,3.42,NaN,NaN,NaN,NaN,NaN,NaN,NaN,NaN,NaN,NaN,NaN,NaN,NaN,NaN
MH-12-14,Lava,1846-47 Lavas.,"Higgins, 2015",Quizapu,67.56,15.96,0.52,NaN,3.4,NaN,2.5,0.9,0.09,5.38,3.32,0.15,NaN,100.26,9.23,34.96,2.41,3.23,0.61,54.95,115.08,239.82,NaN,316.76,7.77,654.56,33.73,11.46,17.31,6.16,7.24,0.49,12.23,3.48,NaN,NaN,NaN,NaN,NaN,NaN,NaN,NaN,NaN,NaN,NaN,NaN,NaN,NaN
MH-12-11,Lava,1846-47 Lavas.,"Higgins, 2015",Quizapu,67.7,15.64,0.52,NaN,3.24,NaN,2.43,0.82,0.09,5.24,3.47,0.14,NaN,99.71,12.72,34.23,2.45,3.28,0.75,53.58,118.11,241.59,NaN,318.73,7.45,658.59,18.98,11.59,16.99,6.19,7.28,0.50,12.44,3.56,NaN,NaN,NaN,NaN,NaN,NaN,NaN,NaN,NaN,NaN,NaN,NaN,NaN,NaN
MH-12-18,Lava,1846-47 Lavas.,"Higgins, 2015",Quizapu,67.87,15.83,0.5,NaN,3.26,NaN,2.34,0.84,0.09,5.36,3.35,0.13,NaN,100.47,11.47,33.88,<0.5,3.72,4.57,60.42,109.78,253.16,NaN,297.26,8.84,637.76,18.65,13.46,17.81,5.52,7.13,0.58,12.17,3.38,NaN,NaN,NaN,NaN,NaN,NaN,NaN,NaN,NaN,NaN,NaN,NaN,NaN,NaN